{
  "params": {
    "seed": 42,
    "N": 1000,
    "n_steps": 3000,
    "n_ensemble": 200,
    "beta": 0.3,
    "gamma": 0.1,
    "omega": 0.01,
    "I0": 10
  },
  "experiment_3_irreducibility": {
    "sweep_values": [
      0.0,
      0.1,
      0.2,
      0.3,
      0.4,
      0.5,
      0.6,
      0.7,
      0.8,
      0.9,
      1.0
    ],
    "peak_mean": [
      0.11005500000000001,
      0.08861000000000001,
      0.06633499999999999,
      0.04825,
      0.03062,
      0.019165,
      0.014595000000000002,
      0.012135,
      0.01096,
      0.010309999999999996,
      0.009949999999999997
    ],
    "peak_std": [
      0.020126648379697996,
      0.01893087161226339,
      0.016257083840590845,
      0.013598437410232103,
      0.011178801366872926,
      0.006750390729431889,
      0.003749796661153775,
      0.002292765797023324,
      0.001329812016790343,
      0.0006956292115775471,
      0.00021794494717703383
    ]
  }
}